2014,Charbonnieres,Franck,Perin,Js,fperin1@cargocollective.com
2019,Charbonnieres,Catherine,Giacovelli,Js,rgiacovellid@pen.io
2008,Charbonnieres,Corentin,Mc Faul,Js,mmcfaule@bloomberg.com
2010,Charbonnieres,Franck,Pottes,Js,spottes1v@addthis.com
2020,Charbonnieres,Ali,Ohm,Js,rohm2m@apache.org
2015,Charbonnieres,Mia,Woodwing,Js,swoodwing41@sitemeter.com
2012,Charbonnieres,Aurelien,Stovell,Js,dstovell4k@wunderground.com
2016,Charbonnieres,Melodie,Rebeiro,Js,rrebeiro4y@example.com
2009,Charbonnieres,Dorsun,Beavan,Js,abeavan76@flickr.com
2010,Charbonnieres,Juliette,Agdahl,Js,aagdahl7d@360.cn
2012,Charbonnieres,Eric,Petrulis,Js,ypetrulis7h@google.co.uk
2015,Charbonnieres,Alice,Locarno,Js,vlocarno7n@latimes.com
2018,Charbonnieres,Loic,Gilbert,Js,cgilbert7p@stanford.edu
2011,Charbonnieres,Michel,Furniss,Js,tfurniss88@tinyurl.com
2016,Charbonnieres,Kais,Bolsteridge,Js,sbolsteridge93@imgur.com
2012,Charbonnieres,Catherine,Leipold,Js,rleipold98@forbes.com
2016,Charbonnieres,Ali,Bellefant,Js,mbellefant9i@fastcompany.com
2018,Charbonnieres,Alois,Mion,Js,zmion9v@dell.com
2019,Charbonnieres,Tony,Edds,Js,aeddsb2@netvibes.com
2020,Charbonnieres,Sara,Sibson,Js,msibsonca@shop-pro.jp
2013,Charbonnieres,Loic,Elgie,Js,zelgiecs@state.tx.us
2021,Charbonnieres,Fazul,Harley,Js,eharleyd1@mediafire.com
2020,Charbonnieres,Lena,Clewarth,Js,gclewarthda@feedburner.com
2009,Charbonnieres,Loic,Swinburn,Js,cswinburndj@dell.com
2011,Charbonnieres,Eric,Polo,Js,cpoloet@ca.gov
2017,Charbonnieres,Maude,Bucher,Js,lbucherg2@mit.edu
2015,Charbonnieres,Jade,Graine,Js,bgrainej2@yolasite.com
2010,Charbonnieres,Catherine,McFetridge,Js,lmcfetridgej7@prlog.org
2016,Charbonnieres,Lena,MacKinnon,Js,kmackinnonjb@topsy.com
2016,Charbonnieres,Cedric,Haverty,Js,khavertyje@facebook.com
2016,Charbonnieres,Amanda,Kinnach,Js,bkinnachjs@upenn.edu
2018,Charbonnieres,Alice,MacAvaddy,Js,tmacavaddyk7@gravatar.com
2017,Charbonnieres,Tony,Cowp,Js,jcowpkh@soup.io
2010,Charbonnieres,Alexandre,Sarsfield,Js,bsarsfieldki@dailymail.co.uk
2017,Charbonnieres,Susy,Somerscales,Js,tsomerscalesks@senate.gov
2010,Charbonnieres,Alexandre,Corstan,Js,mcorstanky@statcounter.com
2017,Charbonnieres,Alois,Strivens,Js,sstrivensl8@omniture.com
2013,Charbonnieres,David,Cotter,Js,dcotterld@squidoo.com
2015,Charbonnieres,Claude,Devitt,Js,edevittlz@liveinternet.ru
2011,Charbonnieres,Alois,Olsson,Js,molssonm5@ask.com
2017,Charbonnieres,Claude,Cherm,Js,rchermmv@flickr.com
2015,Charbonnieres,Dorsun,Fredson,Js,tfredsonnz@macromedia.com
2021,Charbonnieres,Alexandre,Leon,Js,fleonom@vinaora.com
2019,Charbonnieres,Adam,Dorre,Js,sdorreox@disqus.com
2009,Charbonnieres,Mia,Huc,Js,fhucpl@mac.com
2016,Charbonnieres,Mia,Weerdenburg,Js,aweerdenburgpr@slideshare.net
2018,Charbonnieres,Mathieu,Pinckney,Js,spinckneyq9@moonfruit.com
2009,Charbonnieres,Adrien,Baversor,Js,lbaversorqb@mozilla.org
2018,Charbonnieres,Catherine,Alston,Js,ealstonqg@symantec.com
2020,Charbonnieres,Philippe,Duell,Js,lduellqi@icq.com
